,Framework,Task,Status,Due Date,Notes
0,PyTorch,setup development environment,Pending,2024-11-21,I want to setup a test develpment enivornment for pytorch using pycharm professional 2023.3.3
1,TensorFlow,setup development environment,Pending,2024-11-21,I want to setup a test develpment enivornment for pytorch using pycharm professional 2023.3.3
2,Scikit-learn,setup development environment,Pending,2024-11-21,I want to setup a test develpment enivornment for pytorch using pycharm professional 2023.3.3
3,XGBoost,setup development environment,Pending,2024-11-21,I want to setup a test develpment enivornment for pytorch using pycharm professional 2023.3.3
4,Hugging Face Transformers,setup development environment,Pending,2024-11-21,I want to setup a test develpment enivornment for pytorch using pycharm professional 2023.3.3
5,LangChain,setup development environment,Pending,2024-11-21,I want to setup a test develpment enivornment for pytorch using pycharm professional 2023.3.3
6,NumPy,setup development environment,Pending,2024-11-21,I want to setup a test develpment enivornment for pytorch using pycharm professional 2023.3.3
7,Pandas,setup development environment,Pending,2024-11-21,I want to setup a test develpment enivornment for pytorch using pycharm professional 2023.3.3
8,Matplotlib,setup development environment,Pending,2024-11-21,I want to setup a test develpment enivornment for pytorch using pycharm professional 2023.3.3
9,Seaborn,setup development environment,Pending,2024-11-21,I want to setup a test develpment enivornment for pytorch using pycharm professional 2023.3.3
